{"Укажите Здания":[{"Здание":"контора","Площадь земли":"263,8","Предназначение":[{"Предназначение":"административное здание","Этажы":[{"Этажи":"1","Площадь, м2":"263,8","Высота":"4","Используется":"263,8","Этапы":[{"Этапы":"-","Площадь общая":"-","Площадь исп":"-"}]}]}]},{"Здание":"цех художественного фаянса","Площадь земли":"350,4","Предназначение":[{"Предназначение":"административное здание","Этажы":[{"Этажи":"2","Площадь, м2":"1","Высота":"3,8","Используется":"1","Этапы":[{"Этапы":"1","Площадь общая":"1","Площадь исп":"1"}]}]}]},{"Здание":"цех художественного фаянса","Площадь земли":"4718,8","Предназначение":[{"Предназначение":"изготовление керамических и фаянсовых изделий","Этажы":[{"Этажи":"1","Площадь, м2":"4718,8","Высота":"5,6","Используется":"4718,8","Этапы":[{"Этапы":"массозаготовка","Площадь общая":"273,8","Площадь исп":"273,8"},{"Этапы":"формовка ","Площадь общая":"190,2","Площадь исп":"190,2"},{"Этапы":"обжиг","Площадь общая":"422,1","Площадь исп":"422,1"},{"Этапы":"литьё","Площадь общая":"317,9","Площадь исп":"317,9"},{"Этапы":"склад готовой продукции","Площадь общая":"70,4","Площадь исп":"70,4"},{"Этапы":"роспись","Площадь общая":"860,6","Площадь исп":"860,6"},{"Этапы":"сушка","Площадь общая":"1219","Площадь исп":"609,5"}]}]}]},{"Здание":"цех производства кукол","Площадь земли":"399,1","Предназначение":[{"Предназначение":"произвоство кукол, магазин, склад","Этажы":[{"Этажи":"1","Площадь, м2":"399,1","Высота":"3,6","Используется":"108,9","Этапы":[{"Этапы":"Пошив кукол,  продажа, хранение","Площадь общая":"399","Площадь исп":"108"}]}]}]},{"Здание":"мастерская","Площадь земли":"40,2","Предназначение":[{"Предназначение":"не используется","Этажы":[{"Этажи":"1","Площадь, м2":"40,2","Высота":"2,8","Используется":"0","Этапы":[{"Этапы":"-","Площадь общая":"-","Площадь исп":"-"}]}]}]},{"Здание":"склад","Площадь земли":"311,2","Предназначение":[{"Предназначение":"хранение сырья и МТЦ","Этажы":[{"Этажи":"1","Площадь, м2":"311,2","Высота":"3,9","Используется":"311,2","Этапы":[{"Этапы":"-","Площадь общая":"-","Площадь исп":"-"}]}]}]},{"Здание":"пилорамный цех","Площадь земли":"597,3","Предназначение":[{"Предназначение":"не используется","Этажы":[{"Этажи":"1","Площадь, м2":"597,3","Высота":"3,7","Используется":"0","Этапы":[{"Этапы":"-","Площадь общая":"-","Площадь исп":"-"}]}]}]},{"Здание":"эксперементальный керамический цех","Площадь земли":"878","Предназначение":[{"Предназначение":"производство керамических и фаянсовых изделий","Этажы":[{"Этажи":"1","Площадь, м2":"878","Высота":"4,95","Используется":"4,95","Этапы":[{"Этапы":"массозаготовка","Площадь общая":"163,7","Площадь исп":"163,7"},{"Этапы":"формовка","Площадь общая":"124,5","Площадь исп":"124,5"},{"Этапы":"сушка","Площадь общая":"60","Площадь исп":"60"},{"Этапы":"роспись","Площадь общая":"32,8","Площадь исп":"32,8"},{"Этапы":"глазуровка","Площадь общая":"48,2","Площадь исп":"48,2"},{"Этапы":"обжиг","Площадь общая":"56,84","Площадь исп":"56,84"}]}]}]},{"Здание":"столярный цех","Площадь земли":"474,8","Предназначение":[{"Предназначение":"не используется","Этажы":[{"Этажи":"1","Площадь, м2":"474,8","Высота":"4,3","Используется":"0","Этапы":[{"Этапы":"-","Площадь общая":"-","Площадь исп":"-"}]}]}]},{"Здание":"мехмастерские","Площадь земли":"812,3","Предназначение":[{"Предназначение":"мехмастерские, гараж, модельный участок, склад, медпункт, диспечерская","Этажы":[{"Этажи":"1","Площадь, м2":"812,3","Высота":"3,7","Используется":"120","Этапы":[{"Этапы":"изготовление моделей продукции","Площадь общая":"120","Площадь исп":"120"}]}]}]},{"Здание":"швейный цех","Площадь земли":"476,3","Предназначение":[{"Предназначение":"не используется","Этажы":[{"Этажи":"1","Площадь, м2":"476,3","Высота":"5","Используется":"не используется","Этапы":[{"Этапы":"-","Площадь общая":"-","Площадь исп":"-"}]}]}]},{"Здание":"здание склада спецодежды","Площадь земли":"127,9","Предназначение":[{"Предназначение":"не используется","Этажы":[{"Этажи":"1","Площадь, м2":"127,9","Высота":"4","Используется":"не используется","Этапы":[{"Этапы":"-","Площадь общая":"-","Площадь исп":"-"}]}]}]},{"Здание":"клуб","Площадь земли":"1319,4","Предназначение":[{"Предназначение":"клуб","Этажы":[{"Этажи":"1","Площадь, м2":"1319,4","Высота":"5","Используется":"0","Этапы":[{"Этапы":"-","Площадь общая":"-","Площадь исп":"-"}]}]}]},{"Здание":"склад","Площадь земли":"125,8","Предназначение":[{"Предназначение":"хранение готовой продукции","Этажы":[{"Этажи":"1","Площадь, м2":"125,8","Высота":"3,2","Используется":"125,8","Этапы":[{"Этапы":"Склад готовой продукции","Площадь общая":"100","Площадь исп":"100"}]}]}]},{"Здание":"гараж","Площадь земли":"188,2","Предназначение":[{"Предназначение":"гараж автотранспорта","Этажы":[{"Этажи":"1","Площадь, м2":"188,2","Высота":"6,3","Используется":"188,2","Этапы":[{"Этапы":"-","Площадь общая":"-","Площадь исп":"-"}]}]}]},{"Здание":"гипсолитейный цех","Площадь земли":"739,8","Предназначение":[{"Предназначение":"изготовление гипсовых форм","Этажы":[{"Этажи":"1","Площадь, м2":"739,8","Высота":"3,5","Используется":"739,8","Этапы":[{"Этапы":"-","Площадь общая":"-","Площадь исп":"-"}]}]}]},{"Здание":"склад","Площадь земли":"155,6","Предназначение":[{"Предназначение":"хранение сырья","Этажы":[{"Этажи":"1","Площадь, м2":"155,6","Высота":"3,5","Используется":"155,6","Этапы":[{"Этапы":"Массозаготовка","Площадь общая":"100","Площадь исп":"100"}]}]}]},{"Здание":"котельная","Площадь земли":"405,4","Предназначение":[{"Предназначение":"котельная","Этажы":[{"Этажи":"1","Площадь, м2":"405,4","Высота":"7,5","Используется":"405,4","Этапы":[{"Этапы":"-","Площадь общая":"-","Площадь исп":"-"}]}]}]},{"Здание":"склад","Площадь земли":"208,7","Предназначение":[{"Предназначение":"хранение оборудования и з/ч.","Этажы":[{"Этажи":"1","Площадь, м2":"208,7","Высота":"4","Используется":"3,5","Этапы":[{"Этапы":"-","Площадь общая":"-","Площадь исп":"-"}]}]}]},{"Здание":"магазин","Площадь земли":"42,8","Предназначение":[{"Предназначение":"не используется","Этажы":[{"Этажи":"-","Площадь, м2":"-","Высота":"-","Используется":"-","Этапы":[{"Этапы":"-","Площадь общая":"-","Площадь исп":"-"}]}]}]},{"Здание":"склад","Площадь земли":"93","Предназначение":[{"Предназначение":"не используется","Этажы":[{"Этажи":"1","Площадь, м2":"93","Высота":"4,9","Используется":"не используется","Этапы":[{"Этапы":"-","Площадь общая":"-","Площадь исп":"-"}]}]}]},{"Здание":"склад","Площадь земли":"657","Предназначение":[{"Предназначение":"хранение сырья и МТЦ","Этажы":[{"Этажи":"1","Площадь, м2":"657","Высота":"2,8","Используется":"657","Этапы":[{"Этапы":"-","Площадь общая":"-","Площадь исп":"-"}]}]}]},{"Здание":"склад","Площадь земли":"459,9","Предназначение":[{"Предназначение":"хранение сырья и МТЦ","Этажы":[{"Этажи":"1","Площадь, м2":"459,9","Высота":"3,8","Используется":"459,9","Этапы":[{"Этапы":"Массозаготовка","Площадь общая":"300","Площадь исп":"300"}]}]}]}],"Укажите Оборудование":[{"Оборудование":[{"Наименование":"мельница шаровая TMNP-19/2","Год":"1985","Ввод":"1985","Количество":"1","Используется":"1","Обслуживание":"10000","Дата ремонта":"01.03.2020","Стоимость ремонта":"500","Дата замены":"01.03.2020","Перидичность ремонта":"5"},{"Наименование":"мельница шаровая TMNP-17/2","Год":"1983","Ввод":"1983","Количество":"2","Используется":"2","Обслуживание":"10000","Дата ремонта":"01.03.2020","Стоимость ремонта":"400","Дата замены":"01.03.2020","Перидичность ремонта":"5"},{"Наименование":"мельница шаровая K/TMNP-19","Год":"1971","Ввод":"1971","Количество":"1","Используется":"1","Обслуживание":"10000","Дата ремонта":"01.03.2020","Стоимость ремонта":"400","Дата замены":"01.03.2020","Перидичность ремонта":"5"},{"Наименование":"мельница шаровая DMNP-14","Год":"1971","Ввод":"1971","Количество":"2","Используется":"2","Обслуживание":"10000","Дата ремонта":"01.03.2019","Стоимость ремонта":"200","Дата замены":"01.03.2019","Перидичность ремонта":"5"},{"Наименование":"мешалка пропеллерная СМ-489 Б","Год":"1985","Ввод":"1985","Количество":"3","Используется":"3","Обслуживание":"5000","Дата ремонта":"01.05.2020","Стоимость ремонта":"50","Дата замены":"01.03.2025","Перидичность ремонта":"5"},{"Наименование":"мешалка пропеллерная СМ-489 В","Год":"1990","Ввод":"1990","Количество":"2","Используется":"2","Обслуживание":"5000","Дата ремонта":"01.04.2021","Стоимость ремонта":"25","Дата замены":"01.04.2025","Перидичность ремонта":"3"},{"Наименование":"насос мембранный МР 7,1/20","Год":"1983","Ввод":"1983","Количество":"10","Используется":"10","Обслуживание":"3000","Дата ремонта":"01.03.2020","Стоимость ремонта":"25","Дата замены":"01.03.2020","Перидичность ремонта":"3"},{"Наименование":"фильтр- пресс ФП- 800","Год":"1981","Ввод":"1981","Количество":"1","Используется":"1","Обслуживание":"20000","Дата ремонта":"01.03.2019","Стоимость ремонта":"45","Дата замены":"01.04.2020","Перидичность ремонта":"3"},{"Наименование":"вакуум- пресс PVP- 25","Год":"1983","Ввод":"1983","Количество":"1","Используется":"1","Обслуживание":"15000","Дата ремонта":"01.04.2020","Стоимость ремонта":"90000","Дата замены":"01.04.2020","Перидичность ремонта":"3"}],"Инвентарь":[{"Инвентарь":"-","Количество":"-","Расход":"-","Расход руб":"-"}],"Этап":"массозаготовка"},{"Оборудование":[{"Наименование":"полуавтомат формовочный АСФ 06","Год":"1971","Ввод":"1971","Количество":"1","Используется":"1","Обслуживание":"3000","Дата ремонта":"01.03.2019","Стоимость ремонта":"50","Дата замены":"01.03.2019","Перидичность ремонта":"2"},{"Наименование":"полуавтомат формовочный АСФ 05","Год":"1972","Ввод":"1972","Количество":"1","Используется":"1","Обслуживание":"3000","Дата ремонта":"01.03.2019","Стоимость ремонта":"45","Дата замены":"01.03.2019","Перидичность ремонта":"2"}],"Инвентарь":[{"Инвентарь":"-","Количество":"-","Расход":"-","Расход руб":"-"}],"Этап":"формовка"},{"Оборудование":[{"Наименование":"печь газовая ЗПКВ- 8","Год":"1995","Ввод":"1995","Количество":"1","Используется":"1","Обслуживание":"50000","Дата ремонта":"01.06.2018","Стоимость ремонта":"400","Дата замены":"01.03.2025","Перидичность ремонта":"2"},{"Наименование":"печь газовая ЗПКВ- 12","Год":"1993","Ввод":"1993","Количество":"1","Используется":"1","Обслуживание":"50000","Дата ремонта":"01.05.2019","Стоимость ремонта":"500","Дата замены":"01.03.2028","Перидичность ремонта":"2"},{"Наименование":"печь газовая ПКГ- 2","Год":"1994","Ввод":"1994","Количество":"1","Используется":"не используется","Обслуживание":"25000","Дата ремонта":"01.06.2018","Стоимость ремонта":"400","Дата замены":"01.04.2025","Перидичность ремонта":"3"},{"Наименование":"печь газовая ПКГ- 2ПС","Год":"1994","Ввод":"1994","Количество":"1","Используется":"1","Обслуживание":"5000","Дата ремонта":"01.05.2019","Стоимость ремонта":"65","Дата замены":"01.05.2025","Перидичность ремонта":"3"},{"Наименование":"вагонетки печей обжига","Год":"1993","Ввод":"1993","Количество":"10","Используется":"8","Обслуживание":"5000","Дата ремонта":"01.082021","Стоимость ремонта":"450","Дата замены":"01.08.2025","Перидичность ремонта":"2"}],"Инвентарь":[{"Инвентарь":"-","Количество":"-","Расход":"-","Расход руб":"-"}],"Этап":"обжиг"}],"Категории":[{"Уровень":"Низкий","Изделия":[{"Изделие":"Изделия из керамики","Количество":"92340","Себестоимость от":"14","Себестоимость до":"300","Возврат":"2","Этапы":[{"Время прохождения":"72","Время перехода":"2","Брак":"0.5","Себестоимость":"0,5-4","материалы":[{"материал":"Глина","Стоимость":"0,10"},{"материал":"Каолин","Стоимость":"0,2"},{"материал":"Песок","Стоимость":"0,025"},{"материал":"Глазурь","Стоимость":"0,5"}],"Оборудование":[{"Оборудование":"мельница шаровая DMNP-14"},{"Оборудование":"мельница шаровая K/TMNP-19"},{"Оборудование":"мельница шаровая TMNP-17/2"},{"Оборудование":"мельница шаровая TMNP-19/2"},{"Оборудование":"мешалка пропеллерная СМ-489 Б"},{"Оборудование":"мешалка пропеллерная СМ-489 В"},{"Оборудование":"вакуум- пресс PVP- 25"},{"Оборудование":"фильтр- пресс ФП- 800"}],"Этап":"массозаготовка"},{"Время прохождения":"0,2","Время перехода":"48","Брак":"1","Себестоимость":"4-10","материалы":[{"материал":"Формовочная масса, шликер","Стоимость":"0,9"}],"Оборудование":[{"Оборудование":"насос мембранный МР 7,1/20"},{"Оборудование":"полуавтомат формовочный АСФ 05"},{"Оборудование":"полуавтомат формовочный АСФ 06"}],"Этап":"литьё"},{"Время прохождения":"12","Время перехода":"12","Брак":"0,5","Себестоимость":"4,5-15","материалы":[{"материал":"Нет","Стоимость":"0"}],"Этап":"сушка"},{"Время прохождения":"12","Время перехода":"2","Брак":"2","Себестоимость":"5-18","материалы":[{"материал":"Газ природный","Стоимость":"1"}],"Оборудование":[{"Оборудование":"вагонетки печей обжига"},{"Оборудование":"печь газовая ЗПКВ- 12"},{"Оборудование":"печь газовая ЗПКВ- 8"},{"Оборудование":"печь газовая ПКГ- 2"},{"Оборудование":"печь газовая ПКГ- 2ПС"}],"Этап":"обжиг"},{"Время прохождения":"0,5","Время перехода":"1","Брак":"2","Себестоимость":"10-250","материалы":[{"материал":"Кисти","Стоимость":"0,5"},{"материал":"Краски","Стоимость":"1"}],"Этап":"роспись"},{"Время прохождения":"12","Время перехода":"1","Брак":"3","Себестоимость":"12-270","материалы":[{"материал":"Газ природный","Стоимость":"1"}],"Оборудование":[{"Оборудование":"печь газовая ЗПКВ- 12"},{"Оборудование":"печь газовая ЗПКВ- 8"},{"Оборудование":"печь газовая ПКГ- 2"},{"Оборудование":"печь газовая ПКГ- 2ПС"},{"Оборудование":"вагонетки печей обжига"}],"Этап":"обжиг"},{"Время прохождения":"0,1","Время перехода":"0","Брак":"1","Себестоимость":"14-300","материалы":[{"материал":"Бумага","Стоимость":"1"}],"Этап":"склад готовой продукции"}]}]},{"Уровень":"Средний","Изделия":[{"Изделие":"Изделия из керамики","Количество":"38383","Себестоимость от":"300","Себестоимость до":"700","Возврат":"2","Этапы":[{"Время прохождения":"72","Время перехода":"2","Брак":"0,5","Себестоимость":"0,7-4,9","материалы":[{"материал":"Песок","Стоимость":"0,03"},{"материал":"Каолин","Стоимость":"0,25"},{"материал":"Глина","Стоимость":"0,15"},{"материал":"Глазурь","Стоимость":"0,6"}],"Оборудование":[{"Оборудование":"мельница шаровая DMNP-14"},{"Оборудование":"мельница шаровая K/TMNP-19"},{"Оборудование":"мельница шаровая TMNP-17/2"},{"Оборудование":"мельница шаровая TMNP-19/2"},{"Оборудование":"мешалка пропеллерная СМ-489 Б"},{"Оборудование":"мешалка пропеллерная СМ-489 В"},{"Оборудование":"вакуум- пресс PVP- 25"},{"Оборудование":"фильтр- пресс ФП- 800"}],"Этап":"массозаготовка"},{"Время прохождения":"0,22","Время перехода":"48","Брак":"1","Себестоимость":"5-14","материалы":[{"материал":"Шликер, формовочная масса","Стоимость":"1,1"}],"Оборудование":[{"Оборудование":"насос мембранный МР 7,1/20"}],"Этап":"литьё"},{"Время прохождения":"12","Время перехода":"1","Брак":"0,5","Себестоимость":"6-19","материалы":[{"материал":"нет","Стоимость":"0"}],"Этап":"сушка"},{"Время прохождения":"12","Время перехода":"2","Брак":"2","Себестоимость":"9-23","материалы":[{"материал":"Газ природный","Стоимость":"1"}],"Оборудование":[{"Оборудование":"вагонетки печей обжига"},{"Оборудование":"печь газовая ЗПКВ- 12"},{"Оборудование":"печь газовая ЗПКВ- 8"},{"Оборудование":"печь газовая ПКГ- 2"},{"Оборудование":"печь газовая ПКГ- 2ПС"}],"Этап":"обжиг"},{"Время прохождения":"0,8","Время перехода":"1","Брак":"2","Себестоимость":"254-615","материалы":[{"материал":"Кисти","Стоимость":"0,8"},{"материал":"Краски","Стоимость":"1,5"}],"Этап":"роспись"},{"Время прохождения":"12","Время перехода":"1","Брак":"3","Себестоимость":"270-654","материалы":[{"материал":"Газ природный ","Стоимость":"1"}],"Оборудование":[{"Оборудование":"печь газовая ЗПКВ- 12"},{"Оборудование":"печь газовая ЗПКВ- 8"},{"Оборудование":"печь газовая ПКГ- 2"},{"Оборудование":"печь газовая ПКГ- 2ПС"},{"Оборудование":"вагонетки печей обжига"}],"Этап":"обжиг"},{"Время прохождения":"0,15","Время перехода":"0","Брак":"1","Себестоимость":"300-700","материалы":[{"материал":"Бумага","Стоимость":"1"}],"Этап":"склад готовой продукции"}]}]},{"Уровень":"Высокий","Изделия":[{"Изделие":"Изделия из керамики","Количество":"7815","Себестоимость от":"700","Себестоимость до":"26500","Возврат":"2","Этапы":[{"Время прохождения":"72","Время перехода":"2","Брак":"0,5","Себестоимость":"0,9-5,2","материалы":[{"материал":"Каолин","Стоимость":"0,31"},{"материал":"Глина","Стоимость":"0,21"},{"материал":"Песок","Стоимость":"0,041"},{"материал":"Глазурь","Стоимость":"1,1"}],"Оборудование":[{"Оборудование":"мельница шаровая DMNP-14"},{"Оборудование":"мельница шаровая K/TMNP-19"},{"Оборудование":"мельница шаровая TMNP-17/2"},{"Оборудование":"мельница шаровая TMNP-19/2"},{"Оборудование":"мешалка пропеллерная СМ-489 Б"},{"Оборудование":"мешалка пропеллерная СМ-489 В"},{"Оборудование":"вакуум- пресс PVP- 25"},{"Оборудование":"фильтр- пресс ФП- 800"}],"Этап":"массозаготовка"},{"Время прохождения":"0,35","Время перехода":"48","Брак":"1","Себестоимость":"11-32","материалы":[{"материал":"Шликер, формовочная масса","Стоимость":"2,3"}],"Оборудование":[{"Оборудование":"насос мембранный МР 7,1/20"}],"Этап":"литьё"},{"Время прохождения":"12","Время перехода":"1","Брак":"0,5","Себестоимость":"14-45","материалы":[{"материал":"нет","Стоимость":"0"}],"Этап":"сушка"},{"Время прохождения":"12","Время перехода":"2","Брак":"2","Себестоимость":"20-67","материалы":[{"материал":"Газ природный","Стоимость":"1"}],"Оборудование":[{"Оборудование":"вагонетки печей обжига"},{"Оборудование":"печь газовая ЗПКВ- 12"},{"Оборудование":"печь газовая ЗПКВ- 8"},{"Оборудование":"печь газовая ПКГ- 2"},{"Оборудование":"печь газовая ПКГ- 2ПС"}],"Этап":"обжиг"},{"Время прохождения":"2","Время перехода":"1","Брак":"2","Себестоимость":"600-25950","материалы":[{"материал":"Кисти","Стоимость":"1"},{"материал":"Краски","Стоимость":"5"}],"Этап":"роспись"},{"Время прохождения":"12","Время перехода":"1","Брак":"3","Себестоимость":"660-26300","материалы":[{"материал":"Газ природный","Стоимость":"1"}],"Оборудование":[{"Оборудование":"вагонетки печей обжига"},{"Оборудование":"печь газовая ЗПКВ- 12"},{"Оборудование":"печь газовая ЗПКВ- 8"},{"Оборудование":"печь газовая ПКГ- 2"},{"Оборудование":"печь газовая ПКГ- 2ПС"}],"Этап":"обжиг"},{"Время прохождения":"0,5","Время перехода":"0","Брак":"1","Себестоимость":"700-26500","материалы":[{"материал":"Бумага","Стоимость":"2"}],"Этап":"склад готовой продукции"}]}]}],"Укажите Сотрудники":[{"Имя":"Андреева Ирина Леонидовна","Пол/":"Жен","Возраст":"19.12.1969","Вид деятельности":"Рабочий ","Должность":"живописец","Стаж":"22","Образование":"Среднее профессиональное","Производство":[{"Этап":"роспись"}],"Товары":[{"Категории товара":"Средний"}],"Зарплата":"18000"},{"Имя":"Агницкая Кира Александровна","Пол/":"Жен","Возраст":"12.09.1990","Вид деятельности":"Рабочий ","Должность":"живописец","Стаж":"4","Образование":"Среднее","Производство":[{"Этап":"роспись"}],"Товары":[{"Категории товара":"Средний"}],"Зарплата":"5000"},{"Имя":"Алехина Светлана Александровна","Пол/":"Жен","Возраст":"43","Вид деятельности":"Служащий","Должность":"художник 2 категории","Квалификация":"2 категория","Стаж":"22","Образование":"Высшее","Производство":[{"Этап":"роспись"}],"Товары":[{"Категории товара":"Средний"}],"Зарплата":"12700"},{"Имя":"Алдошина Людмила Васильевна","Пол/":"Жен","Возраст":"02.01.1953","Вид деятельности":"Служащий","Должность":"Ведущий художник","Квалификация":"Высшая категория","Стаж":"45","Образование":"Среднее профессиональное","Производство":[{"Этап":"роспись"}],"Товары":[{"Категории товара":"Средний"}],"Зарплата":"28800"},{"Имя":"Борисова Людмила Анатольевна","Пол/":"Жен","Возраст":"11.05.1964","Вид деятельности":"Рабочий ","Должность":"сортировщик","Стаж":"24","Образование":"Среднее","Производство":[{"Этап":"обжиг"}],"Товары":[{"Категории товара":"Средний"}],"Зарплата":"10600"},{"Имя":"Балбакова Маргарита Анатольевна","Пол/":"Жен","Возраст":"02.12.1965","Вид деятельности":"Рабочий ","Должность":"Сборщик фарфоровых и фаянсовых изделий","Стаж":"16","Образование":"Среднее","Производство":[{"Этап":"литьё"}],"Зарплата":"5000"},{"Имя":"Бахтина Татьяна Анатольевна","Пол/":"Жен","Возраст":"03.08.1963","Вид деятельности":"Рабочий ","Должность":"живописец","Стаж":"7","Образование":"Среднее","Производство":[{"Этап":"роспись"}],"Товары":[{"Категории товара":"Средний"}],"Зарплата":"8600"},{"Имя":"Боброва Оксана Николаевна","Пол/":"Жен","Возраст":"11.06.1974","Вид деятельности":"Рабочий ","Должность":"Живописец","Стаж":"17","Образование":"Среднее профессиональное","Производство":[{"Этап":"роспись"}],"Товары":[{"Категории товара":"Средний"}],"Зарплата":"13100"},{"Имя":"Борискина Елена Ивановна","Пол/":"Жен","Возраст":"12.12.1966","Вид деятельности":"Рабочий ","Должность":"контролер приемщик фарфоровых, фаянсовых и керамических изделий","Стаж":"26","Образование":"Среднее","Производство":[{"Этап":"1"}],"Товары":[{"Категории товара":"Средний"}],"Зарплата":"8700"},{"Имя":"Боткина Наталья Николаевна","Пол/":"Жен","Возраст":"12.09.1965","Вид деятельности":"Рабочий ","Должность":"живописец","Стаж":"34","Образование":"Среднее профессиональное","Производство":[{"Этап":"роспись"}],"Товары":[{"Категории товара":"Средний"}],"Зарплата":"7500"},{"Имя":"Бугрова Татьяна Николаевна","Пол/":"Жен","Возраст":"22.08.1959","Вид деятельности":"Рабочий ","Должность":"живописец","Стаж":"38","Образование":"Высшее","Зарплата":"11300"},{"Имя":"Бочарова Ольга Алексеевна","Пол/":"Жен","Возраст":"08.10.1961","Вид деятельности":"Рабочий ","Должность":"литейщик керамических изделий","Стаж":"34","Образование":"Среднее профессиональное","Производство":[{"Этап":"литьё"}],"Товары":[{"Категории товара":"Средний"}],"Зарплата":"10500"},{"Имя":"Веркеева Людмила Николаевна","Пол/":"Жен","Возраст":"12.09.1960","Вид деятельности":"Рабочий ","Должность":"живописец","Стаж":"34","Образование":"Среднее профессиональное","Производство":[{"Этап":"роспись"}],"Товары":[{"Категории товара":"Средний"}],"Зарплата":"6900"},{"Имя":"Волкова Татьяна Владимировна","Пол/":"Жен","Возраст":"03.06.1967","Вид деятельности":"Рабочий ","Должность":"Живописец","Стаж":"16","Образование":"Среднее","Производство":[{"Этап":"роспись"}],"Товары":[{"Категории товара":"Средний"}],"Зарплата":"12600"},{"Имя":"Гурова Валентина Петровна","Пол/":"Жен","Возраст":"21.02.1965","Вид деятельности":"Рабочий ","Должность":"Ведущий художник","Стаж":"36","Образование":"Среднее","Производство":[{"Этап":"роспись"}],"Товары":[{"Категории товара":"Средний"}],"Зарплата":"11250"},{"Имя":"Грахова Наталья Ивановна","Пол/":"Жен","Возраст":"26.03.1963","Вид деятельности":"Рабочий ","Должность":"сборщик фарфоровых и фаянсовых изделий","Стаж":"38","Образование":"Среднее профессиональное","Производство":[{"Этап":"литьё"}],"Товары":[{"Категории товара":"Средний"}],"Зарплата":"10500"},{"Имя":"Губченко Ирина Владимировна","Пол/":"Жен","Возраст":"22.05.1973","Вид деятельности":"Рабочий ","Должность":"Старший лаборант керамического производства","Стаж":"29","Образование":"Среднее","Производство":[{"Этап":"массозаготовка"}],"Товары":[{"Категории товара":"Средний"}],"Зарплата":"19200"},{"Имя":"Губченко Карина Владимировна","Пол/":"Жен","Возраст":"15.09.1996","Вид деятельности":"Рабочий ","Должность":"уборщик производственного помещения","Стаж":"2","Образование":"Среднее","Производство":[{"Этап":"1"}],"Товары":[{"Категории товара":"Средний"}],"Зарплата":"4400"},{"Имя":"Дудникова Наталья Петровна","Пол/":"Жен","Возраст":"26.01.1954","Вид деятельности":"Рабочий ","Должность":"живописец","Стаж":"33","Образование":"Среднее профессиональное","Производство":[{"Этап":"роспись"}],"Товары":[{"Категории товара":"Средний"}],"Зарплата":"8000"},{"Имя":"Дохнова Галина Ивановна","Пол/":"Жен","Возраст":"04.09.1967","Вид деятельности":"Рабочий ","Должность":"кладовщик","Стаж":"16","Образование":"Среднее профессиональное","Производство":[{"Этап":"массозаготовка"}],"Товары":[{"Категории товара":"Средний"}],"Зарплата":"11900"},{"Имя":"Дьяченко Инна Юрьевна","Пол/":"Жен","Возраст":"10.07.1982","Вид деятельности":"Рабочий ","Должность":"начальник цеха","Стаж":"10","Образование":"Высшее","Производство":[{"Этап":"1"}],"Товары":[{"Категории товара":"Средний"}],"Зарплата":"18000"},{"Имя":"Денисенко Галина Викторовна","Пол/":"Жен","Возраст":"18.08.1962","Вид деятельности":"Рабочий ","Должность":"живописец","Стаж":"37","Образование":"Среднее профессиональное","Производство":[{"Этап":"роспись"}],"Товары":[{"Категории товара":"Средний"}],"Зарплата":"11800"},{"Имя":"Дятчина Ирина Григорьевна","Пол/":"Жен","Возраст":"10.09.1979","Вид деятельности":"Рабочий ","Должность":"глазуровщик фарфоровых  и фаянсовых изделий","Стаж":"15","Образование":"Среднее","Производство":[{"Этап":"глазуровка"}],"Товары":[{"Категории товара":"Средний"}],"Зарплата":"10700"},{"Имя":"Ермачек Наталия Александровна","Пол/":"Жен","Возраст":"31.05.1969","Вид деятельности":"Рабочий ","Должность":"мастер-художник 3 класса","Стаж":"31","Образование":"Среднее","Производство":[{"Этап":"роспись"}],"Товары":[{"Категории товара":"Средний"}],"Зарплата":"33800"},{"Имя":"Зверева Анна Викторовна","Пол/":"Жен","Возраст":"28.06.1980","Вид деятельности":"Рабочий ","Должность":"живописец","Стаж":"15","Образование":"Среднее профессиональное","Производство":[{"Этап":"роспись"}],"Товары":[{"Категории товара":"Средний"}],"Зарплата":"16900"},{"Имя":"Заяц Марина Михайловна","Пол/":"Жен","Возраст":"02.03.1984","Вид деятельности":"Рабочий ","Должность":"учетчик","Стаж":"5","Образование":"Среднее","Производство":[{"Этап":"роспись"}],"Товары":[{"Категории товара":"Средний"}],"Зарплата":"15300"},{"Имя":"Зарубина Наталья Сергеевна","Пол/":"Жен","Возраст":"04.06.1972","Вид деятельности":"Рабочий ","Должность":"живописец","Стаж":"17","Образование":"Среднее профессиональное","Производство":[{"Этап":"роспись"}],"Товары":[{"Категории товара":"Средний"}],"Зарплата":"17900"},{"Имя":"Иванчук Инна Борисовна","Пол/":"Жен","Возраст":"18.06.1983","Вид деятельности":"Рабочий ","Должность":"оправщик-чистильщик","Стаж":"6","Образование":"Среднее","Производство":[{"Этап":"литьё"}],"Товары":[{"Категории товара":"Средний"}],"Зарплата":"7700"},{"Имя":"Кокутенко Вера Николаевна","Пол/":"Жен","Возраст":"03.06.1976","Вид деятельности":"Рабочий ","Должность":"живописец","Стаж":"3","Образование":"Среднее","Производство":[{"Этап":"роспись"}],"Товары":[{"Категории товара":"Средний"}],"Зарплата":"13900"},{"Имя":"Красько Елена Михайловна","Пол/":"Жен","Возраст":"18.02.1968","Вид деятельности":"Руководитель","Должность":"Начальник отдела технического контроля","Стаж":"36","Образование":"Высшее","Производство":[{"Этап":"1"}],"Товары":[{"Категории товара":"Средний"}],"Зарплата":"19400"},{"Имя":"Кузьменко Светлана Петровна","Пол/":"Жен","Возраст":"24.05.1968","Вид деятельности":"Рабочий ","Должность":"живописец","Стаж":"10","Образование":"Среднее","Производство":[{"Этап":"роспись"}],"Товары":[{"Категории товара":"Средний"}],"Зарплата":"10000"},{"Имя":"Калинина Наталья Александровна","Пол/":"Жен","Возраст":"31.03.1989","Вид деятельности":"Рабочий ","Должность":"оправщик-чистильщик","Стаж":"0,1","Образование":"Среднее","Производство":[{"Этап":"литьё"}],"Товары":[{"Категории товара":"Средний"}],"Зарплата":"7000"},{"Имя":"Климук Елена Петровна","Пол/":"Жен","Возраст":"08.08.1965","Вид деятельности":"Рабочий ","Должность":"Транспортировщик","Стаж":"7","Образование":"Среднее","Производство":[{"Этап":"роспись"}],"Товары":[{"Категории товара":"Средний"}],"Зарплата":"11500"},{"Имя":"Крылова Ольга Дмитриевна","Пол/":"Жен","Возраст":"19.04.1963","Вид деятельности":"Рабочий ","Должность":"упаковщик","Стаж":"7","Образование":"Среднее","Производство":[{"Этап":"склад готовой продукции"}],"Товары":[{"Категории товара":"Средний"}],"Зарплата":"13600"},{"Имя":"Кальниченко Елена Николаевна","Пол/":"Жен","Возраст":"25.06.1963","Вид деятельности":"Рабочий ","Должность":"литейщик керамических изделий","Стаж":"31","Образование":"Среднее профессиональное","Производство":[{"Этап":"литьё"}],"Товары":[{"Категории товара":"Средний"}],"Зарплата":"18000"},{"Имя":"Колесникова Оксана Сергеевна","Пол/":"Жен","Возраст":"09.12.1984","Вид деятельности":"Рабочий ","Должность":"транспортировщик","Стаж":"9","Образование":"Среднее","Производство":[{"Этап":"литьё"}],"Товары":[{"Категории товара":"Средний"}],"Зарплата":"7800"},{"Имя":"Колесникова Ольга Алексеевна","Пол/":"Жен","Возраст":"11.09.1966","Вид деятельности":"Рабочий ","Должность":"живописец","Стаж":"34","Образование":"Среднее профессиональное","Производство":[{"Этап":"роспись"}],"Товары":[{"Категории товара":"Средний"}],"Зарплата":"15900"},{"Имя":"Касьянова Эллада Николаевна","Пол/":"Жен","Возраст":"13.07.1975","Вид деятельности":"Рабочий ","Должность":"глазуровщик фарфоровых и фаянсовых изделий","Стаж":"17","Образование":"Среднее","Производство":[{"Этап":"глазуровка"}],"Товары":[{"Категории товара":"Средний"}],"Зарплата":"12000"},{"Имя":"Кардаш Ольга Андреевна","Пол/":"Жен","Возраст":"17.10.1983","Вид деятельности":"Рабочий ","Должность":"упаковщик","Стаж":"10","Образование":"Среднее","Производство":[{"Этап":"склад готовой продукции"}],"Товары":[{"Категории товара":"Средний"}],"Зарплата":"9500"},{"Имя":"Копосова Алефтина Ивановна","Пол/":"Жен","Возраст":"24.03.1963","Вид деятельности":"Рабочий ","Должность":"старший лаборант керамического производства","Стаж":"22","Образование":"Среднее профессиональное","Производство":[{"Этап":"массозаготовка"}],"Товары":[null,{"Категории товара":"Средний"}],"Зарплата":"7800"},{"Имя":"Качалина Виктория Витальевна","Пол/":"Жен","Возраст":"18.01.1967","Вид деятельности":"Руководитель","Должность":"начальник экспериментального цеха","Стаж":"27","Образование":"Высшее","Производство":[{"Этап":"1"}],"Товары":[{"Категории товара":"Средний"}],"Зарплата":"22800"},{"Имя":"Климук Галина Анатольевна","Пол/":"Жен","Возраст":"10.09.1988","Вид деятельности":"Рабочий ","Должность":"учетчик","Стаж":"5","Образование":"Среднее","Производство":[{"Этап":"1"}],"Товары":[{"Категории товара":"Средний"}],"Зарплата":"10100"},{"Имя":"Кириченко Галина Викторовна","Пол/":"Жен","Возраст":"26.12.1953","Вид деятельности":"Рабочий ","Должность":"уборщик производственного помещения","Стаж":"36","Образование":"Среднее","Производство":[{"Этап":"формовка"}],"Товары":[{"Категории товара":"Средний"}],"Зарплата":"5000"},{"Имя":"Жилибовская Татьяна Михайловна","Пол/":"Жен","Возраст":"08.09.1977","Вид деятельности":"Рабочий ","Должность":"живописец","Стаж":"7","Образование":"Среднее","Производство":[{"Этап":"роспись"}],"Товары":[{"Категории товара":"Средний"}],"Зарплата":"11800"},{"Имя":"Литвинова Елена Владимировна","Пол/":"Жен","Возраст":"05.07.1962","Вид деятельности":"Рабочий ","Должность":"шлифовщик фарфоровых и фаянсовых изделий","Стаж":"36","Образование":"Среднее","Производство":[{"Этап":"склад готовой продукции"}],"Товары":[{"Категории товара":"Средний"}],"Зарплата":"8500"},{"Имя":"Лукьянова Татьяна Прохоровна","Пол/":"Жен","Возраст":"10.01.1951","Вид деятельности":"Рабочий ","Должность":"живописец","Стаж":"36","Образование":"Среднее","Производство":[{"Этап":"роспись"}],"Товары":[{"Категории товара":"Средний"}],"Зарплата":"12200"},{"Имя":"Лобынцева Екатерина Трофимовна","Пол/":"Жен","Возраст":"05.01.1957","Вид деятельности":"Рабочий ","Должность":"контролер-приемщик фарфоровых, фаянсовых и керамических изделий","Стаж":"27","Образование":"Высшее","Производство":[{"Этап":"обжиг"}],"Товары":[{"Категории товара":"Средний"}],"Зарплата":"13100"},{"Имя":"Лунева Любовь Петровна","Пол/":"Жен","Возраст":"11.03.1983","Вид деятельности":"Рабочий ","Должность":"живописец","Стаж":"5","Образование":"Среднее профессиональное","Производство":[{"Этап":"роспись"}],"Товары":[{"Категории товара":"Средний"}],"Зарплата":"6700"},{"Имя":"Лобова Надежда Владимировна","Пол/":"Жен","Возраст":"23.02.1962","Вид деятельности":"Рабочий ","Должность":"литейщик керамического производства","Стаж":"34","Образование":"Среднее","Производство":[{"Этап":"литьё"}],"Товары":[{"Категории товара":"Средний"}],"Зарплата":"8300"},{"Имя":"Лебедева Нина Николаевна","Пол/":"Жен","Возраст":"29.01.1962","Вид деятельности":"Рабочий ","Должность":"живописец","Стаж":"35","Образование":"Среднее профессиональное","Производство":[{"Этап":"роспись"}],"Товары":[{"Категории товара":"Средний"}],"Зарплата":"8000"},{"Имя":"Лобынцева Галина Ивановна","Пол/":"Жен","Возраст":"31.01.1963","Вид деятельности":"Рабочий ","Должность":"транспортировщик","Стаж":"18","Образование":"Среднее профессиональное","Производство":[{"Этап":"формовка"}],"Товары":[{"Категории товара":"Средний"}],"Зарплата":"8000"},{"Имя":"Лященко Анна Владимировна","Пол/":"Жен","Возраст":"23.02.1983","Вид деятельности":"Рабочий ","Должность":"учетчик","Стаж":"1","Образование":"Среднее профессиональное","Производство":[{"Этап":"глазуровка"}],"Товары":[{"Категории товара":"Средний"}],"Зарплата":"9000"},{"Имя":"Малышева Елена Николаевна","Пол/":"Жен","Возраст":"03.06.1964","Вид деятельности":"Рабочий ","Должность":"живописец","Стаж":"34","Образование":"Среднее профессиональное","Производство":[{"Этап":"роспись"}],"Товары":[{"Категории товара":"Средний"}],"Зарплата":"10700"},{"Имя":"Максимович Наталья Михайловна","Пол/":"Жен","Возраст":"26.08.1976","Вид деятельности":"Рабочий ","Должность":"продавец заводского магазина","Стаж":"10","Образование":"Среднее профессиональное","Производство":[{"Этап":"склад готовой продукции"}],"Товары":[{"Категории товара":"Средний"}],"Зарплата":"21700"},{"Имя":"Маркова Наталья Евгеньевна","Пол/":"Жен","Возраст":"56","Вид деятельности":"Руководитель","Должность":"мастер участка живописи","Стаж":"36","Образование":"Среднее","Производство":[{"Этап":"роспись"}],"Товары":[{"Категории товара":"Средний"}],"Зарплата":"10900"},{"Имя":"Морозова Наталья Денисовна","Пол/":"Жен","Возраст":"30.08.1996","Вид деятельности":"Рабочий ","Должность":"оправщик-чистильщик","Стаж":"1","Образование":"Среднее","Производство":[{"Этап":"литьё"}],"Товары":[{"Категории товара":"Средний"}],"Зарплата":"8000"},{"Имя":"Моисеенко Яна Степановна","Пол/":"Жен","Возраст":"27.04.1991","Вид деятельности":"Рабочий ","Должность":"ставильщик-выборщик","Стаж":"3","Образование":"Среднее","Производство":[{"Этап":"обжиг"}],"Товары":[{"Категории товара":"Средний"}],"Зарплата":"9700"},{"Имя":"Мещерякова Вера Владимировна","Пол/":"Жен","Возраст":"27.12.1977","Вид деятельности":"Рабочий ","Должность":"мастер-исполнитель участка сувенирных кукол","Стаж":"2","Образование":"Среднее профессиональное","Производство":[{"Этап":"1"}],"Товары":[{"Категории товара":"Средний"}],"Зарплата":"11400"},{"Имя":"Нефедова Татьяна Николаевна","Пол/":"Жен","Возраст":"04.06.1972","Вид деятельности":"Служащий","Должность":"заведующая складом","Стаж":"10","Образование":"Среднее профессиональное","Производство":[{"Этап":"склад готовой продукции"}],"Товары":[{"Категории товара":"Средний"}],"Зарплата":"11400"},{"Имя":"Носкова Галина Викторовна","Пол/":"Жен","Возраст":"19.04.1963","Вид деятельности":"Рабочий ","Должность":"контролер-приемщик фарфоровых, фаянсовых и керамических изделий","Стаж":"25","Образование":"Среднее","Производство":[{"Этап":"формовка"}],"Товары":[{"Категории товара":"Средний"}],"Зарплата":"8700"},{"Имя":"Обухова Любовь Николаевна","Пол/":"Жен","Возраст":"14.09.1990","Вид деятельности":"Рабочий ","Должность":"живописец","Стаж":"3","Образование":"Высшее","Производство":[{"Этап":"роспись"}],"Товары":[{"Категории товара":"Средний"}],"Зарплата":"5000"},{"Имя":"Овчинникова Вера Леонидовна","Пол/":"Жен","Возраст":"10.09.1963","Вид деятельности":"Служащий","Должность":"ведущий художник","Квалификация":"Высшая категория","Стаж":"14","Образование":"Среднее профессиональное","Производство":[{"Этап":"роспись"}],"Товары":[{"Категории товара":"Средний"}],"Зарплата":"12400"},{"Имя":"Оносова Ирина Николаевна","Пол/":"Жен","Возраст":"07.09.1974","Вид деятельности":"Рабочий ","Должность":"обжигальщик фарфоровых и фаянсовых изделий","Стаж":"10","Образование":"Среднее профессиональное","Производство":[{"Этап":"обжиг"}],"Товары":[{"Категории товара":"Средний"}],"Зарплата":"8600"},{"Имя":"Пикинер Надежда Васильевна","Пол/":"Жен","Возраст":"21.06.1964","Вид деятельности":"Рабочий ","Должность":"упаковщик","Стаж":"5","Образование":"Среднее профессиональное","Производство":[{"Этап":"склад готовой продукции"}],"Товары":[{"Категории товара":"Средний"}],"Зарплата":"10300"},{"Имя":"Петрова Елена Борисовна","Пол/":"Жен","Возраст":"11.11.1988","Вид деятельности":"Рабочий ","Должность":"сборщик фарфоровых и фаянсовых изделий","Стаж":"3","Образование":"Среднее","Производство":[{"Этап":"литьё"}],"Товары":[{"Категории товара":"Средний"}],"Зарплата":"9000"},{"Имя":"Просветова Елена Александровна","Пол/":"Жен","Возраст":"06.05.1983","Вид деятельности":"Руководитель","Должность":"мастер","Стаж":"5","Образование":"Высшее","Производство":[{"Этап":"склад готовой продукции"}],"Товары":[{"Категории товара":"Средний"}],"Зарплата":"15200"},{"Имя":"Половникова Ольга Сергеевна","Пол/":"Жен","Возраст":"01.09.1979","Вид деятельности":"Рабочий ","Должность":"мастер-художник 3 класса","Стаж":"17","Образование":"Высшее","Производство":[{"Этап":"роспись"}],"Товары":[{"Категории товара":"Средний"}],"Зарплата":"9200"},{"Имя":"Подласенко Наталья Борисовна","Пол/":"Жен","Возраст":"07.09.1954","Вид деятельности":"Рабочий ","Должность":"живописец","Стаж":"18","Образование":"Среднее профессиональное","Производство":[{"Этап":"роспись"}],"Товары":[{"Категории товара":"Средний"}],"Зарплата":"10800"},{"Имя":"Полумиева Людмила Николаевна","Пол/":"Жен","Возраст":"03.01.1961","Вид деятельности":"Рабочий ","Должность":"живописец","Стаж":"35","Образование":"Среднее профессиональное","Производство":[{"Этап":"роспись"}],"Товары":[{"Категории товара":"Средний"}],"Зарплата":"10000"},{"Имя":"Поехалова Любовь Федоровна","Пол/":"Жен","Возраст":"31.05.1959","Вид деятельности":"Рабочий ","Должность":"транспортировщик","Стаж":"23","Образование":"Среднее профессиональное","Производство":[{"Этап":"литьё"}],"Товары":[{"Категории товара":"Средний"}],"Зарплата":"13600"},{"Имя":"Романова Светлана Альбертовна","Пол/":"Жен","Возраст":"23.12.1963","Вид деятельности":"Рабочий ","Должность":"Транспортировщик","Стаж":"8","Образование":"Среднее","Производство":[{"Этап":"литьё"}],"Товары":[{"Категории товара":"Средний"}],"Зарплата":"8700"},{"Имя":"Родина Наталья Ивановна","Пол/":"Жен","Возраст":"24.08.1960","Вид деятельности":"Рабочий ","Должность":"живописец","Стаж":"17","Образование":"Высшее","Производство":[{"Этап":"роспись"}],"Товары":[{"Категории товара":"Средний"}],"Зарплата":"11600"},{"Имя":"Сухарева Альбина Александровна","Пол/":"Жен","Возраст":"27.05.1964","Вид деятельности":"Рабочий ","Должность":"оправщик-чистильщик","Стаж":"23","Образование":"Среднее","Производство":[{"Этап":"литьё"}],"Товары":[{"Категории товара":"Средний"}],"Зарплата":"9500"},{"Имя":"Сухович Алла Владимировна","Пол/":"Жен","Возраст":"08.08.1974","Вид деятельности":"Рабочий ","Должность":"мастер-художник 3 класса","Стаж":"19","Образование":"Высшее","Производство":[{"Этап":"роспись"}],"Товары":[{"Категории товара":"Средний"}],"Зарплата":"17700"},{"Имя":"Сергеева Надежда Михайловна","Пол/":"Жен","Возраст":"24.12.1958","Вид деятельности":"Рабочий ","Должность":"живописец","Стаж":"23","Образование":"Среднее","Производство":[{"Этап":"роспись"}],"Товары":[{"Категории товара":"Средний"}],"Зарплата":"7000"},{"Имя":"Саакян Цогик Аликовна","Пол/":"Жен","Возраст":"22.12.1983","Вид деятельности":"Рабочий ","Должность":"живописец","Стаж":"3","Образование":"Высшее","Производство":[{"Этап":"роспись"}],"Товары":[{"Категории товара":"Средний"}],"Зарплата":"10200"},{"Имя":"Сидоренко Нина Егоровна","Пол/":"Жен","Возраст":"04.11.1962","Вид деятельности":"Рабочий ","Должность":"сборщик фарфоровых и фаянсовых изделий","Стаж":"37","Образование":"Среднее","Производство":[{"Этап":"формовка"}],"Товары":[{"Категории товара":"Средний"}],"Зарплата":"9200"},{"Имя":"Селезнева Валентина Семеновна","Пол/":"Жен","Возраст":"08.03.1966","Вид деятельности":"Рабочий ","Должность":"оправщик-чистильщик","Стаж":"25","Образование":"Среднее","Производство":[{"Этап":"литьё"}],"Товары":[{"Категории товара":"Средний"}],"Зарплата":"11000"},{"Имя":"Сорокина Светлана Александровна","Пол/":"Жен","Возраст":"18.07.1976","Вид деятельности":"Рабочий ","Должность":"старший мастер-исполнитель участка сувенирных кукол","Стаж":"10","Образование":"Среднее","Производство":[{"Этап":"1"}],"Товары":[{"Категории товара":"Средний"}],"Зарплата":"15300"},{"Имя":"Саранцева Любовь Геннадьевна","Пол/":"Жен","Возраст":"12.08.1977","Вид деятельности":"Рабочий ","Должность":"литейщик керамического производства","Стаж":"8","Образование":"Среднее","Производство":[{"Этап":"литьё"}],"Товары":[{"Категории товара":"Средний"}],"Зарплата":"9000"},{"Имя":"Семикопенкова Ольга Юрьевна","Пол/":"Жен","Возраст":"06.07.1979","Вид деятельности":"Рабочий ","Должность":"формовщик фарфоровых и фаянсовых изделий","Стаж":"6","Образование":"Среднее","Производство":[{"Этап":"формовка"}],"Товары":[{"Категории товара":"Средний"}],"Зарплата":"11500"},{"Имя":"Севрюгина Татьяна Владимировна","Пол/":"Жен","Возраст":"04.07.1985","Вид деятельности":"Рабочий ","Должность":"мастер-исполнитель участка сувенирных кукол","Стаж":"2","Образование":"Среднее","Производство":[{"Этап":"1"}],"Товары":[{"Категории товара":"Средний"}],"Зарплата":"11600"},{"Имя":"Сидорова Наталья Александровна","Пол/":"Жен","Возраст":"28.07.1978","Вид деятельности":"Рабочий ","Должность":"живописец","Стаж":"20","Образование":"Среднее","Производство":[{"Этап":"роспись"}],"Товары":[{"Категории товара":"Средний"}],"Зарплата":"21700"},{"Имя":"Стародубцева Мария Николаевна","Пол/":"Жен","Возраст":"25.09.1946","Вид деятельности":"Руководитель","Должность":"мастер цеха","Стаж":"45","Образование":"Среднее","Производство":[{"Этап":"глазуровка"}],"Товары":[{"Категории товара":"Средний"}],"Зарплата":"15000"},{"Имя":"Толстова Елена Владимировна","Пол/":"Жен","Возраст":"16.03.1973","Вид деятельности":"Рабочий ","Должность":"живописец","Стаж":"12","Образование":"Среднее профессиональное","Производство":[{"Этап":"роспись"}],"Товары":[{"Категории товара":"Средний"}],"Зарплата":"6100"},{"Имя":"Токаренко Татьяна Юрьевна","Пол/":"Жен","Возраст":"04.08.1962","Вид деятельности":"Рабочий ","Должность":"ведущий художник","Квалификация":"Высшая категория","Стаж":"28","Образование":"Высшее","Производство":[{"Этап":"роспись"}],"Товары":[{"Категории товара":"Средний"}],"Зарплата":"21000"},{"Имя":"Тютюнникова Марина Николаевна","Пол/":"Жен","Возраст":"20.03.1980","Вид деятельности":"Рабочий ","Должность":"глазуровщик","Стаж":"7","Образование":"Среднее профессиональное","Производство":[{"Этап":"глазуровка"}],"Товары":[{"Категории товара":"Средний"}],"Зарплата":"10300"},{"Имя":"Удовиченко Наталья Алексеевна","Пол/":"Жен","Возраст":"01.04.1972","Вид деятельности":"Рабочий ","Должность":"живописец","Стаж":"17","Образование":"Среднее","Производство":[{"Этап":"роспись"}],"Товары":[{"Категории товара":"Средний"}],"Зарплата":"10000"},{"Имя":"Харитонова Клавдия Ивановна","Пол/":"Жен","Возраст":"03.03.1950","Вид деятельности":"Рабочий ","Должность":"уборщик производственного помещения","Стаж":"32","Образование":"Среднее","Производство":[{"Этап":"изготовление моделей продукции"}],"Товары":[{"Категории товара":"Средний"}],"Зарплата":"6700"},{"Имя":"Фаустова Ирина Евграфьевна","Пол/":"Жен","Возраст":"08.03.1964","Вид деятельности":"Рабочий ","Должность":"транспортировщик","Стаж":"6","Образование":"Среднее","Производство":[{"Этап":"формовка"}],"Товары":[{"Категории товара":"Средний"}],"Зарплата":"6000"},{"Имя":"Цурган Ирина Александровна","Пол/":"Жен","Возраст":"06.07.1972","Вид деятельности":"Рабочий ","Должность":"живописец","Стаж":"12","Образование":"Среднее профессиональное","Производство":[{"Этап":"роспись"}],"Товары":[{"Категории товара":"Средний"}],"Зарплата":"9500"},{"Имя":"Чубенко Юлия Александровна","Пол/":"Жен","Возраст":"07.04.1995","Вид деятельности":"Рабочий ","Должность":"живописец","Стаж":"2","Образование":"Среднее профессиональное","Производство":[{"Этап":"роспись"}],"Товары":[null,{"Категории товара":"Средний"}],"Зарплата":"10800"},{"Имя":"Чепурченко Ирина Николаевна","Пол/":"Жен","Возраст":"30.07.1970","Вид деятельности":"Рабочий ","Должность":"ставильщик-выборщик","Стаж":"12","Образование":"Среднее профессиональное","Производство":[{"Этап":"обжиг"}],"Товары":[{"Категории товара":"Средний"}],"Зарплата":"19100"},{"Имя":"Шилченко Анна Ивановна","Пол/":"Жен","Возраст":"09.02.1983","Вид деятельности":"Рабочий ","Должность":"живописец","Стаж":"15","Образование":"Среднее профессиональное","Производство":[{"Этап":"роспись"}],"Товары":[{"Категории товара":"Средний"}],"Зарплата":"20400"},{"Имя":"Шаповалова Елена Геннадьевна","Пол/":"Жен","Возраст":"18.03.1963","Вид деятельности":"Рабочий ","Должность":"живописец","Стаж":"22","Образование":"Среднее","Производство":[{"Этап":"роспись"}],"Товары":[{"Категории товара":"Средний"}],"Зарплата":"16000"},{"Имя":"Шерстнева Ольга Семеновна","Пол/":"Жен","Возраст":"22.10.1978","Вид деятельности":"Рабочий ","Должность":"оправщик-чистильщик","Стаж":"1","Образование":"Среднее","Производство":[{"Этап":"литьё"}],"Товары":[{"Категории товара":"Средний"}],"Зарплата":"5900"},{"Имя":"Шевченко Людмила Станиславовна","Пол/":"Жен","Возраст":"27.09.1971","Вид деятельности":"Рабочий ","Должность":"мастер-художник 3 класса","Стаж":"24","Образование":"Среднее профессиональное","Производство":[{"Этап":"роспись"}],"Товары":[{"Категории товара":"Средний"}],"Зарплата":"21600"},{"Имя":"Швецова Надежда Васильевна","Пол/":"Жен","Возраст":"20.04.1954","Вид деятельности":"Рабочий ","Должность":"живописец","Стаж":"42","Образование":"Среднее","Производство":[{"Этап":"роспись"}],"Товары":[{"Категории товара":"Средний"}],"Зарплата":"11800"},{"Имя":"Шевцова Ольга Алексеевна","Пол/":"Жен","Возраст":"02.03.1962","Вид деятельности":"Руководитель","Должность":"мастер цеха","Стаж":"25","Образование":"Высшее","Производство":[{"Этап":"литьё"}],"Товары":[null,{"Категории товара":"Средний"}],"Зарплата":"15600"},{"Имя":"Якубова Надежда Ивановна","Пол/":"Жен","Возраст":"10.11.1961","Вид деятельности":"Рабочий ","Должность":"литейщик фарфоровых и фаянсовых изделий","Стаж":"12","Образование":"Среднее","Производство":[{"Этап":"литьё"}],"Товары":[{"Категории товара":"Средний"}],"Зарплата":"10000"},{"Имя":"Валуйсков Дмитрий Александрович","Пол/":"Муж","Возраст":"07.04.1994","Вид деятельности":"Рабочий ","Должность":"подсобный рабочий","Стаж":"2","Образование":"Среднее профессиональное","Производство":[{"Этап":"склад готовой продукции"}],"Товары":[{"Категории товара":"Средний"}],"Зарплата":"10000"},{"Имя":"Калиберда Алексей Юрьевич","Пол/":"Муж","Возраст":"01.09.1993","Вид деятельности":"Рабочий ","Должность":"живописец","Стаж":"1","Образование":"Высшее","Производство":[{"Этап":"роспись"}],"Товары":[{"Категории товара":"Средний"}],"Зарплата":"7500"},{"Имя":"Кылосов Валерий Владимирович","Пол/":"Муж","Возраст":"08.06.1979","Вид деятельности":"Рабочий ","Должность":"обжигальщик фарфоровых и фаянсовых изделий","Стаж":"10","Образование":"Среднее профессиональное","Производство":[{"Этап":"обжиг"}],"Товары":[{"Категории товара":"Средний"}],"Зарплата":"11300"},{"Имя":"Кунаховец Игорь Иванович","Пол/":"Муж","Возраст":"04.11.1973","Вид деятельности":"Рабочий ","Должность":"мастер-художник 3 класса","Стаж":"17","Образование":"Среднее профессиональное","Производство":[{"Этап":"роспись"}],"Товары":[{"Категории товара":"Средний"}],"Зарплата":"21500"},{"Имя":"Лисичкин Алексей Юрьевич","Пол/":"Муж","Возраст":"17.08.1979","Вид деятельности":"Рабочий ","Должность":"слесарь-сантехник","Стаж":"3","Образование":"Среднее","Производство":[{"Этап":"1"}],"Товары":[{"Категории товара":"Средний"}],"Зарплата":"10000"},{"Имя":"Лазутин Андрей Владимирович","Пол/":"Муж","Возраст":"07.06.1973","Вид деятельности":"Рабочий ","Должность":"обжигальщик фарфоровых и фаянсовых изделий","Стаж":"9","Образование":"Среднее","Производство":[{"Этап":"обжиг"}],"Товары":[{"Категории товара":"Средний"}],"Зарплата":"13900"},{"Имя":"Молоканов Владимир Викторович","Пол/":"Муж","Возраст":"10.11.1973","Вид деятельности":"Рабочий ","Должность":"наладчик оборудования керамического производства","Стаж":"2","Образование":"Среднее","Производство":[{"Этап":"формовка"}],"Товары":[{"Категории товара":"Средний"}],"Зарплата":"10000"},{"Имя":"Обухов Юрий Николаевич","Пол/":"Муж","Возраст":"07.07.1978","Вид деятельности":"Рабочий ","Должность":"электромонтер по ремонту и обслуживания электрооборудования","Стаж":"9","Образование":"Среднее профессиональное","Производство":[{"Этап":"1"}],"Товары":[{"Категории товара":"Средний"}],"Зарплата":"16300"},{"Имя":"Тарелкин Александр Владимирович","Пол/":"Муж","Возраст":"18.06.1983","Вид деятельности":"Рабочий ","Должность":"дробильщик-размольщик","Стаж":"7","Образование":"Среднее","Производство":[{"Этап":"массозаготовка"}],"Товары":[{"Категории товара":"Средний"}],"Зарплата":"22400"},{"Имя":"Мандрыкин Николай Николаевич","Пол/":"Муж","Возраст":"09.03.1980","Вид деятельности":"Рабочий ","Должность":"электромонтер по ремонту и обслуживанию электрооборудования","Стаж":"6","Образование":"Среднее профессиональное","Производство":[{"Этап":"1"}],"Товары":[{"Категории товара":"Средний"}],"Зарплата":"13900"},{"Имя":"Астахов Федор Николаевич","Пол/":"Муж","Возраст":"13.03.1965","Вид деятельности":"Рабочий ","Должность":"модельщик керамического производства","Стаж":"10","Образование":"Среднее","Производство":[{"Этап":"изготовление моделей продукции"}],"Зарплата":"19900"},{"Имя":"Василюхин Александр Владимирович","Пол/":"Муж","Возраст":"28.06.1960","Вид деятельности":"Рабочий ","Должность":"электромонтер по ремонту и обслуживанию электрооборудования","Стаж":"15","Образование":"Среднее","Производство":[{"Этап":"1"}],"Товары":[{"Категории товара":"Средний"}],"Зарплата":"13500"},{"Имя":"Кивнюк Владимир Яковлевич","Пол/":"Муж","Возраст":"21.10.1964","Вид деятельности":"Рабочий ","Должность":"модельщик керамического производства","Стаж":"12","Образование":"Среднее","Производство":[{"Этап":"изготовление моделей продукции"}],"Товары":[{"Категории товара":"Средний"}],"Зарплата":"21400"},{"Имя":"Кужелев Юрий Владимирович","Пол/":"Муж","Возраст":"20.01.1967","Вид деятельности":"Рабочий ","Должность":"литейщик гипсовых форм","Стаж":"1","Образование":"Высшее","Производство":[{"Этап":"литьё"}],"Товары":[{"Категории товара":"Средний"}],"Зарплата":"8000"},{"Имя":"Казанцев Василий Михайлович","Пол/":"Муж","Возраст":"02.01.1957","Вид деятельности":"Рабочий ","Должность":"слесарь-ремонтник","Стаж":"26","Образование":"Среднее профессиональное","Производство":[{"Этап":"1"}],"Товары":[{"Категории товара":"Средний"}],"Зарплата":"9100"},{"Имя":"Гуров Анатолий Иванович","Пол/":"Муж","Возраст":"16.03.1965","Вид деятельности":"Рабочий ","Должность":"слесарь-ремонтник","Стаж":"3","Образование":"Среднее","Производство":[{"Этап":"1"}],"Товары":[{"Категории товара":"Средний"}],"Зарплата":"8500"},{"Имя":"Лукинов Георгий Александрович","Пол/":"Муж","Возраст":"01.05.1950","Вид деятельности":"Рабочий ","Должность":"электромонтер по ремонту и обслуживанию электрооборудования","Стаж":"38","Образование":"Среднее","Производство":[{"Этап":"1"}],"Товары":[{"Категории товара":"Средний"}],"Зарплата":"13700"},{"Имя":"Лобынцев Василий Иванович","Пол/":"Муж","Возраст":"22.02.1952","Вид деятельности":"Рабочий ","Должность":"обжигальщик фарфоровых и фаянсовых изделий","Стаж":"13","Образование":"Среднее","Производство":[{"Этап":"обжиг"}],"Товары":[{"Категории товара":"Средний"}],"Зарплата":"11000"},{"Имя":"Мун Еликсей Кирсанович","Пол/":"Муж","Возраст":"25.01.1960","Вид деятельности":"Рабочий ","Должность":"дробильщик-размольщик","Стаж":"13","Образование":"Высшее","Производство":[{"Этап":"массозаготовка"}],"Товары":[{"Категории товара":"Средний"}],"Зарплата":"9000"},{"Имя":"Никифоров Константин Федорович","Пол/":"Муж","Возраст":"02.11.1966","Вид деятельности":"Рабочий ","Должность":"токарь","Стаж":"14","Образование":"Высшее","Производство":[{"Этап":"1"}],"Товары":[{"Категории товара":"Средний"}],"Зарплата":"11500"},{"Имя":"Обухов Николай Петрович","Пол/":"Муж","Возраст":"09.08.1952","Вид деятельности":"Рабочий ","Должность":"слесарь-ремонтник","Стаж":"48","Образование":"Среднее профессиональное","Производство":[{"Этап":"1"}],"Товары":[{"Категории товара":"Средний"}],"Зарплата":"11900"},{"Имя":"Поляков Виктор Николаевич","Пол/":"Муж","Возраст":"28.10.1954","Вид деятельности":"Рабочий ","Должность":"слесарь-ремонтник","Стаж":"47","Образование":"Среднее профессиональное","Производство":[{"Этап":"1"}],"Товары":[{"Категории товара":"Средний"}],"Зарплата":"9600"},{"Имя":"Попов Владимир Михайлович","Пол/":"Муж","Возраст":"30.08.1957","Вид деятельности":"Рабочий ","Должность":"дробильщик-размольщик","Стаж":"16","Образование":"Среднее","Производство":[{"Этап":"массозаготовка"}],"Товары":[{"Категории товара":"Средний"}],"Зарплата":"12500"},{"Имя":"Сологуб Николай Григорьевич","Пол/":"Муж","Возраст":"29.05.1967","Вид деятельности":"Рабочий ","Должность":"обжигальщик фарфоровых и фаянсовых изделий","Стаж":"4","Образование":"Среднее","Производство":[{"Этап":"обжиг"}],"Товары":[{"Категории товара":"Средний"}],"Зарплата":"10800"},{"Имя":"Слюсарев Юрий Федорович","Пол/":"Муж","Возраст":"01.01.1964","Вид деятельности":"Рабочий ","Должность":"обжигальщик фарфоровых и фаянсовых изделий","Стаж":"6","Образование":"Высшее","Производство":[{"Этап":"обжиг"}],"Товары":[{"Категории товара":"Средний"}],"Зарплата":"11200"},{"Имя":"Сафонов Константин Николаевич","Пол/":"Муж","Возраст":"16.07.1967","Вид деятельности":"Рабочий ","Должность":"обжигальщик фарфоровых и фаянсовых изделий","Стаж":"3","Образование":"Среднее","Производство":[{"Этап":"обжиг"}],"Товары":[{"Категории товара":"Средний"}],"Зарплата":"13000"},{"Имя":"Станкевич Владимир Федорович","Пол/":"Муж","Возраст":"25.01.1965","Вид деятельности":"Рабочий ","Должность":"литейщик фарфоровых и фаянсовых изделий","Стаж":"14","Образование":"Среднее","Производство":[{"Этап":"литьё"}],"Товары":[{"Категории товара":"Средний"}],"Зарплата":"11600"},{"Имя":"Станкевич Сергей Федорович","Пол/":"Муж","Возраст":"28.08.1961","Вид деятельности":"Рабочий ","Должность":"литейщик фарфоровых и фаянсовых изделий","Стаж":"22","Образование":"Среднее","Производство":[{"Этап":"литьё"}],"Товары":[{"Категории товара":"Средний"}],"Зарплата":"10000"},{"Имя":"Токаренко Сергей Федорович","Пол/":"Муж","Возраст":"30.04.1957","Вид деятельности":"Руководитель","Должность":"главный технолог","Стаж":"34","Образование":"Высшее","Производство":[{"Этап":"1"}],"Товары":[{"Категории товара":"Средний"}],"Зарплата":"16600"},{"Имя":"Ходырев Владимир Александрович","Пол/":"Муж","Возраст":"12.04.1956","Вид деятельности":"Рабочий ","Должность":"литейщик фарфоровых и фаянсовых изделий","Стаж":"7","Образование":"Среднее","Производство":[{"Этап":"литьё"}],"Товары":[{"Категории товара":"Средний"}],"Зарплата":"7500"},{"Имя":"Четин Валерий Владимирович","Пол/":"Муж","Возраст":"24.10.1961","Вид деятельности":"Рабочий ","Должность":"электромонтер по ремонту и обслуживанию электрооборудования","Стаж":"5","Образование":"Среднее профессиональное","Производство":[{"Этап":"1"}],"Товары":[{"Категории товара":"Средний"}],"Зарплата":"13400"},{"Имя":"Чураков Владимир Иванович","Пол/":"Муж","Возраст":"21.06.1965","Вид деятельности":"Рабочий ","Должность":"огнеупорщик","Стаж":"10","Образование":"Среднее профессиональное","Производство":[{"Этап":"обжиг"}],"Товары":[{"Категории товара":"Средний"}],"Зарплата":"14500"}]}
        